feature,importance
temperature_cumsum,0.04482333
age_months_squared,0.030464908
age_months,0.030388284
total_parking_minutes_cumsum,0.024641505
age_months_sqrt,0.012802205
sea_salt_aerosol_5_20_mixing_ratio_roll24_mean,0.010139739
sea_salt_aerosol_003_05_mixing_ratio_roll6_kurt,0.006561491
age_months_cubed,0.0059781303
sea_salt_aerosol_5_20_mixing_ratio_roll12_mean,0.0059776823
parking_age_ratio,0.0056199892
sea_salt_aerosol_05_5_mixing_ratio_ewm12,0.004735086
sea_salt_aerosol_5_20_mixing_ratio_cumsum,0.004661469
metar_wind_speed_kn_cumsum,0.0045026867
sea_salt_aerosol_003_05_mixing_ratio_ewm12,0.0044509005
isoprene_roll24_min,0.004148964
hno3_cummean,0.004022187
metar_relative_humidity_cumsum,0.003825442
sea_salt_aerosol_05_5_mixing_ratio_cumsum,0.0038037596
carbon_monoxide_mass_mixing_ratio_cummean,0.0035782233
c3h8_cummean,0.0035184128
carbon_monoxide_mass_mixing_ratio_roll24_mean,0.0034125946
metar_temperature_c_roll12_mean,0.0033739985
sea_salt_aerosol_5_20_mixing_ratio_cumstd,0.0032012532
hydrophilic_black_carbon_aerosol_mixing_ratio_cummin,0.0031770926
dust_aerosol_09_20_mixing_ratio_cumstd,0.0031571884
temperature_roll12_mean,0.0030137817
ozone_mass_mixing_ratio_cumstd,0.0029903287
ethane_cummean,0.0029840406
hno3_cummax,0.002974849
hydrophobic_black_carbon_aerosol_mixing_ratio_roll12_min,0.0028995746
sulphur_dioxide_mass_mixing_ratio_roll24_min,0.0028610874
hydrophobic_black_carbon_aerosol_mixing_ratio_cumstd,0.0027923246
sea_salt_aerosol_003_05_mixing_ratio_cummean,0.0027692337
sea_salt_aerosol_05_5_mixing_ratio_roll24_mean,0.002753882
metar_visibility_mi_lag6,0.0027202882
hno3_ewm12,0.0027177301
sea_salt_aerosol_5_20_mixing_ratio_cummean,0.002714285
sulphur_dioxide_mass_mixing_ratio_roll6_min,0.0026268302
hno3_roll24_max,0.0026260852
c3h8_roll24_mean,0.0025706277
metar_hour_precipitation_cummax,0.0025262502
hno3_cumstd,0.0025101672
nitrogen_dioxide_mass_mixing_ratio_cummean,0.002478632
metar_hour_precipitation_cummin,0.0024496606
total_parking_minutes_cummax,0.0024225053
metar_hour_precipitation_ewm12,0.0024080416
hydrophobic_organic_matter_aerosol_mixing_ratio_cummean,0.0024051832
sulphur_dioxide_mass_mixing_ratio_cummean,0.0023783976
sulphate_aerosol_mixing_ratio_cummean,0.0023461555
formaldehyde_roll24_min,0.0023443564
hydrophobic_organic_matter_aerosol_mixing_ratio_roll24_mean,0.0023441375
metar_hour_precipitation_roll24_max,0.0023373296
hydrophobic_black_carbon_aerosol_mixing_ratio_cummean,0.0023285164
sulphate_aerosol_mixing_ratio_cummin,0.0023113328
hydrophobic_organic_matter_aerosol_mixing_ratio_cummax,0.0022983158
ethane_roll24_max,0.0022609278
sea_salt_aerosol_05_5_mixing_ratio_roll24_min,0.0022382855
nitrogen_dioxide_mass_mixing_ratio_roll24_min,0.0022085554
carbon_monoxide_mass_mixing_ratio_roll24_std,0.002195042
total_parking_minutes_roll24_std,0.0021844932
metar_relative_humidity_roll24_min,0.0021801246
dust_aerosol_09_20_mixing_ratio_cummin,0.002168069
metar_relative_humidity_cumstd,0.0021673746
metar_dew_point_c_cumsum,0.0021596916
hydrophilic_black_carbon_aerosol_mixing_ratio_cummax,0.0021594316
metar_dew_point_c_cummean,0.0021161248
metar_dew_point_c_cummin,0.0021138105
metar_temperature_c_cumstd,0.0021104778
nitrogen_monoxide_mass_mixing_ratio_cummax,0.0020789008
metar_wind_speed_kn_cummax,0.0020749364
temperature_cummax,0.0020745099
metar_temperature_c_cummin,0.00207415
dust_aerosol_055_09_mixing_ratio_cummin,0.002061016
sea_salt_aerosol_5_20_mixing_ratio_cummax,0.0020370297
h2o2_cummax,0.0020310993
ozone_mass_mixing_ratio_roll24_mean,0.0020258117
sea_salt_aerosol_05_5_mixing_ratio_cummax,0.0020195732
formaldehyde_cummean,0.002013491
total_parking_minutes_roll12_max,0.0020123904
metar_relative_humidity_cummin,0.0020019528
sea_salt_aerosol_5_20_mixing_ratio_cummin,0.001996016
isoprene_roll24_mean,0.0019947593
ozone_mass_mixing_ratio_cummean,0.001994562
ethane_roll24_min,0.0019940545
nitrogen_dioxide_mass_mixing_ratio_roll24_max,0.0019930655
nitrogen_monoxide_mass_mixing_ratio_cummin,0.00198977
hydrophobic_black_carbon_aerosol_mixing_ratio_cummin,0.001982665
ozone_mass_mixing_ratio_cummin,0.0019688352
temperature_cummean,0.0019546782
carbon_monoxide_mass_mixing_ratio_roll24_min,0.0019517894
dust_aerosol_003_055_mixing_ratio_lag2,0.0019426838
sulphate_aerosol_mixing_ratio_roll24_min,0.0019420917
hydrophilic_black_carbon_aerosol_mixing_ratio_roll24_min,0.0019346909
metar_temperature_c_roll24_max,0.0019313357
sea_salt_aerosol_003_05_mixing_ratio_roll24_min,0.0019240424
dust_aerosol_055_09_mixing_ratio_roll24_std,0.0019204776
ethane_roll12_min,0.0019200589
c3h8_cummin,0.001914229
hydrophobic_organic_matter_aerosol_mixing_ratio_cumsum,0.0019095101
metar_wind_speed_kn_cummin,0.0019079931
total_parking_minutes_cummin,0.001899434
h2o2_cummean,0.0018955092
dust_aerosol_09_20_mixing_ratio_cummax,0.0018895357
metar_dew_point_c_cumstd,0.0018820151
oh_roll24_mean,0.0018782169
metar_visibility_mi_cummax,0.0018777307
dust_aerosol_003_055_mixing_ratio_cummean,0.0018639014
formaldehyde_cumstd,0.0018551202
isoprene_cummin,0.0018527893
isoprene_roll12_std,0.0018497623
specific_humidity_roll12_mean,0.0018435048
specific_humidity_cummin,0.0018413205
nitrogen_monoxide_mass_mixing_ratio_roll24_mean,0.0018398307
sea_salt_aerosol_5_20_mixing_ratio_roll24_max,0.001837364
ozone_mass_mixing_ratio_roll12_mean,0.0018318101
hydrophilic_organic_matter_aerosol_mixing_ratio_cummin,0.0018287142
hydrophilic_black_carbon_aerosol_mixing_ratio_roll24_std,0.0018252463
total_parking_minutes_cummean,0.0018187952
metar_visibility_mi_cummin,0.0018180659
organic_nitrates_cummean,0.0018171447
metar_dew_point_c_roll24_max,0.0018146054
hno3_cummin,0.0017983833
isoprene_roll24_max,0.0017800878
carbon_monoxide_mass_mixing_ratio_cummin,0.0017799574
dust_aerosol_055_09_mixing_ratio_cummax,0.0017739736
ozone_mass_mixing_ratio_cummax,0.001767493
sulphur_dioxide_mass_mixing_ratio_roll24_mean,0.001767156
h2o2_roll12_mean,0.0017508032
metar_wind_speed_kn_roll24_min,0.001749749
metar_wind_speed_kn_roll24_max,0.0017485332
metar_dew_point_c_cummax,0.0017426902
isoprene_roll24_std,0.001742187
ozone_mass_mixing_ratio_roll12_max,0.0017293985
hydrophilic_organic_matter_aerosol_mixing_ratio_cumstd,0.0017213946
oh_cummax,0.001720503
formaldehyde_cummax,0.0017178245
hno3_roll12_max,0.0017091949
nitrogen_dioxide_mass_mixing_ratio_cumstd,0.0016975879
organic_nitrates_cumsum,0.0016936818
hno3_roll24_mean,0.0016904826
metar_hour_precipitation_cumstd,0.0016725913
total_parking_minutes_roll24_max,0.0016700546
carbon_monoxide_mass_mixing_ratio_roll24_max,0.0016614783
formaldehyde_roll12_mean,0.0016586545
hydrophilic_organic_matter_aerosol_mixing_ratio_roll24_std,0.001656025
dust_aerosol_055_09_mixing_ratio_roll24_min,0.0016556847
ethane_cummin,0.0016549143
metar_hour_precipitation_cummean,0.0016458882
metar_temperature_c_roll24_min,0.0016389868
hydrophilic_black_carbon_aerosol_mixing_ratio_cumstd,0.0016387001
hydrophilic_black_carbon_aerosol_mixing_ratio_roll12_min,0.0016266467
metar_relative_humidity_cummax,0.0016262373
dust_aerosol_003_055_mixing_ratio_roll24_mean,0.0016221314
sea_salt_aerosol_003_05_mixing_ratio_roll24_max,0.0016212213
metar_hour_precipitation_roll12_std,0.001619969
c3h8_cummax,0.0016186829
hydrophobic_organic_matter_aerosol_mixing_ratio_cummin,0.0016172295
oh_roll24_max,0.0016095254
hydrophobic_organic_matter_aerosol_mixing_ratio_cumstd,0.001602367
sulphur_dioxide_mass_mixing_ratio_roll6_max,0.0016004067
dust_aerosol_003_055_mixing_ratio_cummin,0.0015939326
sea_salt_aerosol_05_5_mixing_ratio_cummean,0.0015880321
c3h8_roll24_max,0.0015695175
ethane_cumstd,0.0015536274
hydrophilic_black_carbon_aerosol_mixing_ratio_cummean,0.0015433201
formaldehyde_roll12_max,0.00152659
metar_visibility_mi_roll24_min,0.0015244749
sea_salt_aerosol_003_05_mixing_ratio_roll12_std,0.0015226973
dust_aerosol_055_09_mixing_ratio_ewm6,0.0015153816
isoprene_cummax,0.0015023925
sulphur_dioxide_mass_mixing_ratio_cumsum,0.0015007656
ozone_mass_mixing_ratio_roll24_max,0.0014993028
organic_nitrates_roll24_std,0.0014960736
sea_salt_aerosol_003_05_mixing_ratio_cummin,0.0014912446
h2o2_roll24_min,0.0014816852
isoprene_cummean,0.0014734898
carbon_monoxide_mass_mixing_ratio_ewm6,0.0014706347
sea_salt_aerosol_5_20_mixing_ratio_roll24_min,0.0014657463
oh_cummin,0.0014600018
dust_aerosol_09_20_mixing_ratio_roll12_min,0.0014547723
sea_salt_aerosol_5_20_mixing_ratio_ewm6,0.001450831
metar_wind_speed_kn_roll12_min,0.0014435876
oh_roll12_min,0.0014424789
oh_cumstd,0.0014419705
h2o2_cummin,0.0014380155
sulphate_aerosol_mixing_ratio_roll24_max,0.0014374511
sulphur_dioxide_mass_mixing_ratio_roll24_std,0.0014295997
h2o2_roll12_min,0.0014278144
isoprene_roll12_min,0.0014172706
metar_dew_point_c_roll12_max,0.001416607
metar_temperature_c_cummax,0.0014164472
nitrogen_monoxide_mass_mixing_ratio_cummean,0.0014154994
total_parking_minutes_roll24_mean,0.0014139367
hydrophobic_black_carbon_aerosol_mixing_ratio_cummax,0.0014127307
sulphur_dioxide_mass_mixing_ratio_roll24_max,0.0014065282
organic_nitrates_roll24_max,0.0014046074
total_parking_minutes_cumstd,0.0013966319
metar_dew_point_c_roll12_min,0.0013937854
sulphur_dioxide_mass_mixing_ratio_cummin,0.0013917709
hydrophobic_black_carbon_aerosol_mixing_ratio_roll24_max,0.0013848145
oh_cummean,0.0013823264
ozone_mass_mixing_ratio_roll24_min,0.0013742998
metar_visibility_mi_lag12,0.0013664935
dust_aerosol_055_09_mixing_ratio_cumstd,0.0013652818
dust_aerosol_003_055_mixing_ratio_roll24_min,0.0013542688
hydrophobic_organic_matter_aerosol_mixing_ratio_roll24_std,0.0013437545
metar_relative_humidity_roll24_std,0.0013405238
hydrophilic_organic_matter_aerosol_mixing_ratio_cummean,0.0013399004
nitrogen_dioxide_mass_mixing_ratio_cummin,0.0013398821
temperature_cumstd,0.0013277878
metar_dew_point_c_roll24_min,0.0013269269
metar_dew_point_c_roll12_mean,0.0013200784
sea_salt_aerosol_003_05_mixing_ratio_cumstd,0.0013159366
metar_hour_precipitation_cumsum,0.0013144838
c3h8_roll6_max,0.0013143444
nitrogen_monoxide_mass_mixing_ratio_roll12_max,0.0013113022
nitrogen_dioxide_mass_mixing_ratio_cummax,0.0013095591
isoprene_cumstd,0.001297558
c3h8_roll24_std,0.001296751
sulphur_dioxide_mass_mixing_ratio_roll6_std,0.001293653
sulphate_aerosol_mixing_ratio_cummax,0.0012863583
isoprene_cumsum,0.0012826533
organic_nitrates_cummin,0.0012797378
metar_wind_speed_kn_cummean,0.0012764488
specific_humidity_roll24_std,0.0012757119
h2o2_roll24_max,0.0012647309
metar_relative_humidity_roll24_max,0.0012634344
organic_nitrates_cummax,0.0012618446
nitrogen_monoxide_mass_mixing_ratio_roll24_max,0.001260075
sea_salt_aerosol_003_05_mixing_ratio_roll12_max,0.0012555135
metar_visibility_mi_roll24_max,0.0012541298
sulphur_dioxide_mass_mixing_ratio_cumstd,0.0012522123
sea_salt_aerosol_05_5_mixing_ratio_cumstd,0.0012472065
organic_nitrates_roll12_mean,0.001237823
sea_salt_aerosol_003_05_mixing_ratio_cummax,0.0012372835
metar_visibility_mi_roll12_max,0.0012363301
dust_aerosol_003_055_mixing_ratio_cummax,0.001234391
carbon_monoxide_mass_mixing_ratio_cumstd,0.001233752
ethane_roll24_std,0.0012332882
sea_salt_aerosol_05_5_mixing_ratio_roll12_mean,0.0012267767
metar_wind_speed_kn_roll24_mean,0.0012265807
specific_humidity_cummax,0.0012132052
ozone_mass_mixing_ratio_roll12_min,0.0012120926
isoprene_roll12_max,0.0012117526
sea_salt_aerosol_003_05_mixing_ratio_roll6_min,0.0012108323
carbon_monoxide_mass_mixing_ratio_cummax,0.0012073185
sea_salt_aerosol_5_20_mixing_ratio_roll6_max,0.0012049576
metar_temperature_c_roll12_max,0.0011936995
hydrophilic_black_carbon_aerosol_mixing_ratio_roll12_std,0.0011926648
sea_salt_aerosol_05_5_mixing_ratio_cummin,0.0011912901
specific_humidity_cumstd,0.0011851708
metar_relative_humidity_cummean,0.0011844573
nitrogen_dioxide_mass_mixing_ratio_roll3_max,0.0011821579
hydrophobic_black_carbon_aerosol_mixing_ratio_ewm12,0.0011803925
sulphur_dioxide_mass_mixing_ratio_cummax,0.0011786046
sulphate_aerosol_mixing_ratio_roll12_max,0.0011779178
oh_roll24_std,0.0011759395
specific_humidity_cummean,0.0011696321
metar_visibility_mi_roll12_min,0.0011629788
c3h8_cumstd,0.0011558317
organic_nitrates_cumstd,0.0011420108
dust_aerosol_09_20_mixing_ratio_cummean,0.0011327564
metar_visibility_mi_cumstd,0.0011317347
formaldehyde_roll24_max,0.001131333
hydrophobic_organic_matter_aerosol_mixing_ratio_roll12_max,0.0011280506
sulphur_dioxide_mass_mixing_ratio_roll12_max,0.0011230331
formaldehyde_roll24_std,0.0011182886
specific_humidity_roll12_min,0.0011126437
sea_salt_aerosol_05_5_mixing_ratio_roll24_std,0.0011059202
sea_salt_aerosol_05_5_mixing_ratio_roll24_max,0.0011044107
sea_salt_aerosol_003_05_mixing_ratio_roll12_mean,0.0010872831
dust_aerosol_09_20_mixing_ratio_roll24_max,0.0010868337
nitrogen_monoxide_mass_mixing_ratio_roll3_min,0.001086471
dust_aerosol_09_20_mixing_ratio_roll24_std,0.0010838491
total_parking_minutes_roll6_std,0.0010690797
formaldehyde_cummin,0.0010657513
h2o2_roll24_mean,0.0010655856
hydrophilic_organic_matter_aerosol_mixing_ratio_roll6_max,0.0010655555
carbon_monoxide_mass_mixing_ratio_roll6_max,0.0010605613
specific_humidity_roll24_mean,0.0010585119
metar_dew_point_c_roll6_max,0.0010576491
metar_temperature_c_roll24_mean,0.0010551688
oh_cumsum,0.0010480419
dust_aerosol_09_20_mixing_ratio_cumsum,0.0010446429
sulphate_aerosol_mixing_ratio_roll24_std,0.0010440382
hydrophilic_organic_matter_aerosol_mixing_ratio_cummax,0.0010430431
hno3_roll12_mean,0.0010376836
c3h8_roll24_min,0.0010267257
sulphur_dioxide_mass_mixing_ratio_roll12_mean,0.0010261757
sulphate_aerosol_mixing_ratio_roll24_mean,0.0010217607
dust_aerosol_003_055_mixing_ratio_roll24_std,0.0010184171
total_parking_minutes_roll24_min,0.00101651
metar_visibility_mi_roll24_std,0.0010040607
dust_aerosol_09_20_mixing_ratio_roll24_min,0.0010034671
hydrophobic_black_carbon_aerosol_mixing_ratio_lag12,0.0010032702
metar_hour_precipitation_ewm3,0.0009982565
metar_temperature_c_cumsum,0.0009883856
metar_visibility_mi_cummean,0.0009873118
h2o2_cumsum,0.0009810278
nitrogen_monoxide_mass_mixing_ratio_roll12_std,0.0009799459
metar_hour_precipitation_roll12_max,0.000977666
dust_aerosol_055_09_mixing_ratio_roll12_std,0.0009771602
dust_aerosol_003_055_mixing_ratio_cumsum,0.00097623176
hydrophilic_organic_matter_aerosol_mixing_ratio_roll24_min,0.00097510446
sulphate_aerosol_mixing_ratio_roll3_max,0.0009743256
sea_salt_aerosol_5_20_mixing_ratio_roll24_std,0.0009726809
hydrophobic_organic_matter_aerosol_mixing_ratio_roll24_max,0.0009657828
formaldehyde_roll12_min,0.0009657643
ethane_cummax,0.00096248684
metar_visibility_mi_cumsum,0.0009619091
metar_hour_precipitation_roll12_mean,0.000958734
ozone_mass_mixing_ratio_roll6_mean,0.00095240044
ozone_mass_mixing_ratio_ewm12,0.00094944576
dust_aerosol_003_055_mixing_ratio_cumstd,0.0009481997
c3h8_roll12_min,0.0009467927
specific_humidity_cumsum,0.0009418135
temperature_roll24_min,0.0009399124
nitrogen_monoxide_mass_mixing_ratio_cumsum,0.00093789404
sea_salt_aerosol_05_5_mixing_ratio_roll6_min,0.00092284585
hydrophilic_black_carbon_aerosol_mixing_ratio_roll24_max,0.00092155574
temperature_roll2_min,0.0009191725
nitrogen_monoxide_mass_mixing_ratio_roll24_min,0.00091779523
organic_nitrates_roll24_mean,0.00091576425
metar_wind_speed_kn_cumstd,0.00091565953
temperature_cummin,0.00091346994
organic_nitrates_roll24_min,0.00090864435
total_parking_minutes_roll12_mean,0.0009062516
hydrophobic_organic_matter_aerosol_mixing_ratio_roll24_min,0.0008956001
nitrogen_dioxide_mass_mixing_ratio_ewm12,0.0008933509
specific_humidity_roll24_max,0.000883156
metar_wind_speed_kn_roll24_std,0.00087889296
ethane_roll12_max,0.00087237393
metar_relative_humidity_ewm12,0.00086659106
h2o2_roll24_std,0.0008652256
hno3_cumsum,0.0008647421
isoprene_roll12_mean,0.00086320785
metar_dew_point_c_roll24_std,0.0008631783
sea_salt_aerosol_003_05_mixing_ratio_cumsum,0.000862868
total_parking_minutes_roll2_mean,0.00086188497
nitrogen_monoxide_mass_mixing_ratio_roll12_min,0.0008590571
formaldehyde_roll24_mean,0.00085829763
hydrophilic_black_carbon_aerosol_mixing_ratio_ewm12,0.00085481204
sea_salt_aerosol_003_05_mixing_ratio_roll12_kurt,0.0008435821
sulphate_aerosol_mixing_ratio_cumsum,0.0008432056
sulphate_aerosol_mixing_ratio_cumstd,0.0008367931
ozone_mass_mixing_ratio_roll24_std,0.00083366316
oh_roll24_min,0.00083167444
c3h8_roll12_mean,0.00083079946
dust_aerosol_003_055_mixing_ratio_roll24_max,0.00082805316
dust_aerosol_055_09_mixing_ratio_cummean,0.00082370534
metar_hour_precipitation_roll24_min,0.0008223572
ethane_roll2_mean,0.0008163797
total_parking_minutes_roll6_max,0.0008118379
dust_aerosol_09_20_mixing_ratio_ewm12,0.0008039283
hydrophobic_black_carbon_aerosol_mixing_ratio_roll24_min,0.00080372096
ethane_roll24_mean,0.000795902
metar_wind_speed_kn_roll12_max,0.0007957359
ethane_roll12_mean,0.0007952674
hydrophilic_black_carbon_aerosol_mixing_ratio_roll24_mean,0.00079403416
metar_visibility_mi_roll24_mean,0.000791962
ozone_mass_mixing_ratio_cumsum,0.0007896
dust_aerosol_055_09_mixing_ratio_cumsum,0.0007883442
metar_temperature_c_roll12_min,0.0007883337
metar_relative_humidity_ewm3,0.00078414485
organic_nitrates_roll12_max,0.00078411924
h2o2_roll12_max,0.00078271586
hydrophobic_black_carbon_aerosol_mixing_ratio_roll6_mean,0.00078140176
nitrogen_monoxide_mass_mixing_ratio_cumstd,0.0007797478
temperature_roll24_max,0.00077568286
dust_aerosol_003_055_mixing_ratio,0.00077564595
dust_aerosol_003_055_mixing_ratio_roll12_mean,0.0007638703
nitrogen_dioxide_mass_mixing_ratio_roll2_std,0.0007590654
c3h8_roll12_max,0.00075658556
sulphur_dioxide_mass_mixing_ratio_ewm12,0.0007548899
hydrophilic_black_carbon_aerosol_mixing_ratio_roll12_max,0.00075353205
nitrogen_monoxide_mass_mixing_ratio_roll3_std,0.0007529936
metar_visibility_mi_lag1,0.00074993825
h2o2_lag6,0.00074736035
dust_aerosol_09_20_mixing_ratio_roll12_mean,0.00074084
metar_wind_speed_kn_roll6_min,0.00073911785
h2o2_cumstd,0.00073847506
temperature_roll24_mean,0.0007346916
dust_aerosol_09_20_mixing_ratio_roll6_max,0.0007270775
dust_aerosol_003_055_mixing_ratio_roll12_min,0.0007267175
sea_salt_aerosol_003_05_mixing_ratio_roll24_std,0.0007253578
metar_temperature_c_cummean,0.0007247603
hydrophobic_black_carbon_aerosol_mixing_ratio_roll24_mean,0.00072082627
hno3_roll12_min,0.00071888603
temperature_roll12_min,0.0007175982
metar_wind_speed_kn_ewm12,0.00071607897
sulphate_aerosol_mixing_ratio_roll2_mean,0.0007157192
dust_aerosol_055_09_mixing_ratio_roll12_min,0.0007074427
nitrogen_monoxide_mass_mixing_ratio_roll24_std,0.0007059817
dust_aerosol_09_20_mixing_ratio_roll12_std,0.0007058672
metar_relative_humidity_roll6_max,0.000703141
metar_temperature_c_diff3,0.0007010312
metar_relative_humidity_roll24_mean,0.00069679815
metar_relative_humidity_roll12_max,0.0006958196
specific_humidity_roll3_min,0.000687611
metar_relative_humidity_roll12_min,0.0006873925
organic_nitrates_roll12_min,0.00068474066
hydrophobic_black_carbon_aerosol_mixing_ratio_ewm6,0.0006843489
hydrophobic_black_carbon_aerosol_mixing_ratio_roll6_min,0.0006790962
ozone_mass_mixing_ratio_roll12_std,0.00067713414
total_parking_minutes_roll6_mean,0.0006765765
total_parking_minutes_diff1,0.00067412085
total_parking_minutes_roll12_std,0.00067362416
temp_parking_interaction,0.0006733754
hydrophobic_black_carbon_aerosol_mixing_ratio_cumsum,0.00066914194
sulphur_dioxide_mass_mixing_ratio_roll12_std,0.0006686242
h2o2_ewm12,0.00066814985
nitrogen_dioxide_mass_mixing_ratio_roll12_mean,0.0006623117
hydrophobic_black_carbon_aerosol_mixing_ratio_roll12_mean,0.0006602988
sea_salt_aerosol_5_20_mixing_ratio_roll12_min,0.0006560238
hydrophilic_organic_matter_aerosol_mixing_ratio_roll12_max,0.00065246824
dust_aerosol_055_09_mixing_ratio_roll12_max,0.000651868
metar_relative_humidity_roll12_std,0.00064815325
nitrogen_monoxide_mass_mixing_ratio_roll12_mean,0.0006474073
isoprene_roll6_min,0.0006457359
dust_aerosol_055_09_mixing_ratio_roll24_max,0.0006448641
carbon_monoxide_mass_mixing_ratio_roll12_max,0.00064447656
metar_hour_precipitation_roll12_min,0.0006356332
metar_wind_speed_kn_roll6_max,0.0006341996
nitrogen_dioxide_mass_mixing_ratio_roll12_min,0.00062911183
hydrophilic_organic_matter_aerosol_mixing_ratio_roll12_min,0.00062664406
temperature_diff1,0.0006249096
hno3_roll24_min,0.00062220293
hydrophilic_organic_matter_aerosol_mixing_ratio_cumsum,0.00062018714
h2o2_ewm3,0.0006194769
temperature total_parking_minutes,0.0006182177
total_parking_minutes_roll12_min,0.0006175185
c3h8_roll6_min,0.0006156626
hno3_roll24_std,0.0006099552
specific_humidity_roll12_max,0.0006098335
sulphur_dioxide_mass_mixing_ratio_roll3_mean,0.00060916
ethane_roll6_mean,0.0006091125
total_parking_minutes_roll6_min,0.00060876546
dust_aerosol_003_055_mixing_ratio_roll12_std,0.0006083241
oh_roll12_std,0.0006080226
sea_salt_aerosol_003_05_mixing_ratio_roll6_max,0.0006068366
sulphur_dioxide_mass_mixing_ratio_roll12_min,0.00060255325
sea_salt_aerosol_05_5_mixing_ratio_roll12_min,0.00060214475
metar_dew_point_c_roll12_std,0.0006003155
nitrogen_dioxide_mass_mixing_ratio_cumsum,0.00059985445
metar_dew_point_c_roll6_min,0.00059421704
sea_salt_aerosol_05_5_mixing_ratio,0.0005935978
specific_humidity_lag12,0.0005932204
total_parking_minutes_roll3_std,0.00059128
sea_salt_aerosol_5_20_mixing_ratio_roll12_std,0.0005861433
c3h8_cumsum,0.0005860298
temperature_roll2_std,0.00057175965
temperature_roll12_std,0.0005714926
hydrophobic_organic_matter_aerosol_mixing_ratio_roll12_min,0.00056969625
nitrogen_dioxide_mass_mixing_ratio_roll24_mean,0.000569016
hydrophilic_organic_matter_aerosol_mixing_ratio_roll2_max,0.00056686497
hydrophilic_black_carbon_aerosol_mixing_ratio_cumsum,0.0005663093
hydrophobic_black_carbon_aerosol_mixing_ratio_roll12_max,0.0005659775
oh_roll12_max,0.0005638415
sea_salt_aerosol_5_20_mixing_ratio_roll3_mean,0.00056202494
specific_humidity_roll12_std,0.0005574212
metar_visibility_mi_pct_change6,0.00055516575
metar_relative_humidity_ewm6,0.0005543406
hno3_roll12_std,0.0005543344
metar_wind_speed_kn_roll12_mean,0.0005502003
sulphur_dioxide_mass_mixing_ratio_ewm6,0.00054858555
isoprene_roll2_max,0.00054532214
metar_hour_precipitation_roll6_skew,0.00053700426
metar_visibility_mi_roll12_mean,0.00053667097
hydrophobic_organic_matter_aerosol_mixing_ratio_roll6_std,0.0005357694
specific_humidity_roll6_max,0.0005336486
sulphur_dioxide_mass_mixing_ratio_roll2_mean,0.000533631
formaldehyde_roll3_max,0.0005311232
c3h8_roll12_std,0.00053098064
dust_aerosol_09_20_mixing_ratio_roll12_max,0.0005307254
hydrophilic_organic_matter_aerosol_mixing_ratio_roll24_max,0.0005275772
oh_roll12_mean,0.0005258779
carbon_monoxide_mass_mixing_ratio_cumsum,0.0005258261
total_parking_minutes_roll3_max,0.00052480516
formaldehyde_cumsum,0.00052376086
nitrogen_dioxide_mass_mixing_ratio_roll12_std,0.0005215405
sea_salt_aerosol_003_05_mixing_ratio_roll12_min,0.0005213375
temperature_lag6,0.00051654945
hydrophobic_black_carbon_aerosol_mixing_ratio_lag2,0.0005158919
carbon_monoxide_mass_mixing_ratio_roll6_min,0.0005134516
oh_ewm12,0.00050918345
sulphate_aerosol_mixing_ratio_roll12_min,0.00050517597
total_parking_minutes_lag12,0.0005033005
temperature_roll24_std,0.0004978611
isoprene_pct_change3,0.00049613806
sea_salt_aerosol_5_20_mixing_ratio_roll12_max,0.0004956679
total_parking_minutes_pct_change1,0.0004949877
ethane_roll12_std,0.0004941613
metar_visibility_mi_roll6_max,0.00049353833
hno3_roll2_max,0.00048852665
ethane_roll3_mean,0.00048678418
hno3_diff12,0.00048633298
total_parking_minutes_diff12,0.0004859374
metar_temperature_c_roll6_min,0.00048495835
carbon_monoxide_mass_mixing_ratio_lag1,0.00048476926
hydrophobic_organic_matter_aerosol_mixing_ratio_roll12_std,0.0004823892
specific_humidity_roll24_min,0.00048130998
hydrophobic_black_carbon_aerosol_mixing_ratio_roll3_std,0.00047588433
total_parking_minutes_ewm3,0.0004757911
sea_salt_aerosol_05_5_mixing_ratio_roll3_mean,0.00047572955
carbon_monoxide_mass_mixing_ratio_ewm3,0.0004742682
nitrogen_dioxide_mass_mixing_ratio_ewm3,0.00047396673
sulphate_aerosol_mixing_ratio_roll6_max,0.00047332532
total_parking_minutes_roll12_kurt,0.0004726223
sea_salt_aerosol_003_05_mixing_ratio_roll3_mean,0.00047129422
sea_salt_aerosol_05_5_mixing_ratio_roll12_max,0.00047085114
isoprene_ewm6,0.00046937302
metar_temperature_c_roll12_std,0.00046898983
sulphate_aerosol_mixing_ratio_roll6_min,0.00046805775
metar_hour_precipitation_roll24_mean,0.0004649005
sea_salt_aerosol_5_20_mixing_ratio_ewm12,0.00046218582
ethane_cumsum,0.0004618224
specific_humidity_roll2_max,0.0004578607
ethane_roll6_min,0.00045614646
metar_dew_point_c_roll12_skew,0.00045556822
hydrophilic_organic_matter_aerosol_mixing_ratio_roll12_mean,0.00045452392
temperature_roll6_max,0.00045370377
hydrophobic_organic_matter_aerosol_mixing_ratio_roll12_mean,0.0004536167
temperature_roll12_max,0.00045294614
total_parking_minutes_roll3_min,0.00044695233
total_parking_minutes_roll12_skew,0.00044601664
sea_salt_aerosol_05_5_mixing_ratio_roll6_max,0.00044569082
hydrophobic_black_carbon_aerosol_mixing_ratio_roll24_std,0.000444284
ozone_mass_mixing_ratio,0.00044025417
metar_hour_precipitation_roll24_std,0.00043977477
h2o2_roll6_min,0.00043903379
metar_temperature_c_roll12_skew,0.00043837813
metar_dew_point_c_roll12_kurt,0.00043715924
ozone_mass_mixing_ratio_roll3_max,0.00043707353
sulphate_aerosol_mixing_ratio_roll2_min,0.00043622972
dust_aerosol_003_055_mixing_ratio_lag1,0.00043172366
organic_nitrates_roll3_max,0.00042663407
hno3,0.0004235179
metar_visibility_mi_roll6_std,0.00042331812
specific_humidity_roll3_mean,0.00042246428
sulphur_dioxide_mass_mixing_ratio_roll3_max,0.0004210281
nitrogen_dioxide_mass_mixing_ratio_roll12_max,0.000420927
ozone_mass_mixing_ratio_diff12,0.00042004703
sea_salt_aerosol_5_20_mixing_ratio_roll6_min,0.00041997014
sea_salt_aerosol_5_20_mixing_ratio_roll2_min,0.0004190447
metar_relative_humidity_roll12_skew,0.00041841235
ozone_mass_mixing_ratio_roll6_min,0.00041831293
metar_hour_precipitation_roll3_max,0.0004176029
ozone_mass_mixing_ratio_lag6,0.00041585971
dust_aerosol_09_20_mixing_ratio_roll6_std,0.00041534574
temperature_diff3,0.0004138644
organic_nitrates_roll6_max,0.0004124312
metar_temperature_c_roll6_mean,0.0004116818
ozone_mass_mixing_ratio_roll6_max,0.00041164958
isoprene_roll6_std,0.00041146547
sea_salt_aerosol_5_20_mixing_ratio_diff12,0.00041064958
carbon_monoxide_mass_mixing_ratio_roll12_min,0.00040963897
dust_aerosol_055_09_mixing_ratio_roll6_min,0.00040746745
metar_relative_humidity_roll2_mean,0.0004058483
sea_salt_aerosol_05_5_mixing_ratio_ewm3,0.00040435675
temperature_roll6_min,0.00040343057
metar_visibility_mi,0.0004029107
dust_aerosol_055_09_mixing_ratio_roll6_mean,0.00040211243
hydrophobic_organic_matter_aerosol_mixing_ratio_roll3_min,0.00039899626
temperature_roll3_mean,0.0003987813
hydrophilic_organic_matter_aerosol_mixing_ratio_roll6_min,0.0003985216
ozone_mass_mixing_ratio_ewm3,0.0003984677
total_parking_minutes metar_wind_speed_kn,0.00039660727
hydrophobic_organic_matter_aerosol_mixing_ratio_roll2_std,0.00039628622
hydrophobic_black_carbon_aerosol_mixing_ratio_roll12_std,0.0003940985
dust_aerosol_09_20_mixing_ratio_diff12,0.0003940619
nitrogen_monoxide_mass_mixing_ratio_roll6_max,0.00039400038
hydrophilic_black_carbon_aerosol_mixing_ratio_pct_change3,0.00039385483
metar_temperature_c_roll24_std,0.00039347488
ozone_mass_mixing_ratio_roll2_max,0.00039313707
ethane_lag1,0.00039228456
organic_nitrates_roll12_std,0.00039147443
total_parking_minutes_diff3,0.00038340094
ozone_mass_mixing_ratio_ewm6,0.0003832683
metar_visibility_mi_roll12_skew,0.0003807851
formaldehyde_roll6_std,0.00037931878
c3h8_roll3_min,0.00037928612
hydrophilic_organic_matter_aerosol_mixing_ratio_roll6_mean,0.00037886284
hydrophilic_black_carbon_aerosol_mixing_ratio_roll2_min,0.0003788429
nitrogen_dioxide_mass_mixing_ratio_roll24_std,0.00037780846
carbon_monoxide_mass_mixing_ratio_pct_change3,0.00037716338
hydrophilic_black_carbon_aerosol_mixing_ratio_roll6_max,0.00037657956
nitrogen_dioxide_mass_mixing_ratio_roll2_min,0.0003760716
ethane_lag12,0.00037575737
ethane_lag2,0.00037522073
dust_aerosol_09_20_mixing_ratio_roll24_mean,0.00037516988
specific_humidity_roll3_std,0.00037270182
ozone_mass_mixing_ratio_roll3_std,0.0003724277
carbon_monoxide_mass_mixing_ratio_roll12_std,0.00037010736
nitrogen_monoxide_mass_mixing_ratio_ewm12,0.00036860225
total_parking_minutes_lag1,0.00036778618
dust_aerosol_09_20_mixing_ratio_roll6_min,0.00036771066
hydrophilic_black_carbon_aerosol_mixing_ratio_roll12_mean,0.0003673853
metar_temperature_c_roll3_min,0.000366996
organic_nitrates_ewm6,0.00036638018
nitrogen_monoxide_mass_mixing_ratio_roll6_min,0.00036626257
formaldehyde_roll12_std,0.00036495712
hydrophilic_organic_matter_aerosol_mixing_ratio_roll24_mean,0.0003639818
metar_visibility_mi_roll12_std,0.00036364593
isoprene_lag2,0.000363302
hydrophilic_black_carbon_aerosol_mixing_ratio_roll6_min,0.00036199004
ozone_mass_mixing_ratio_roll3_mean,0.0003604832
metar_temperature_c_roll6_max,0.0003599296
metar_dew_point_c_roll3_std,0.0003588406
sea_salt_aerosol_5_20_mixing_ratio_diff1,0.0003588367
organic_nitrates_roll2_max,0.0003585892
metar_temperature_c_roll2_min,0.00035672777
ethane_ewm6,0.00035663333
hno3_roll6_min,0.00035600067
hydrophobic_black_carbon_aerosol_mixing_ratio_roll3_min,0.0003547695
metar_wind_speed_kn_diff1,0.00035382595
carbon_monoxide_mass_mixing_ratio_roll12_mean,0.00035200227
metar_visibility_mi_roll12_kurt,0.00034995403
dust_aerosol_09_20_mixing_ratio_roll2_max,0.00034880778
metar_dew_point_c_roll24_mean,0.00034829043
hno3_ewm6,0.00034363422
metar_visibility_mi_roll6_min,0.00034337674
oh_diff6,0.00034303602
hydrophilic_black_carbon_aerosol_mixing_ratio_lag2,0.00034227083
sulphate_aerosol_mixing_ratio_roll12_mean,0.00034112146
metar_visibility_mi_ewm12,0.00034025422
total_parking_minutes_roll6_skew,0.00033874632
hydrophobic_organic_matter_aerosol_mixing_ratio_ewm12,0.00033776482
hydrophilic_black_carbon_aerosol_mixing_ratio_roll3_max,0.00033551868
sea_salt_aerosol_05_5_mixing_ratio_roll12_std,0.00033432874
sea_salt_aerosol_5_20_mixing_ratio_roll6_mean,0.00033426686
dust_aerosol_003_055_mixing_ratio_diff12,0.00033396375
dust_aerosol_09_20_mixing_ratio_roll3_max,0.00033320457
metar_temperature_c_roll6_std,0.00033242395
nitrogen_monoxide_mass_mixing_ratio_roll2_mean,0.00033237308
h2o2_roll3_min,0.00033165034
h2o2_diff12,0.00033145238
formaldehyde_diff1,0.00033036014
temperature_roll6_std,0.00033018467
sea_salt_aerosol_05_5_mixing_ratio_pct_change6,0.00032952693
formaldehyde_ewm12,0.00032945283
metar_relative_humidity_lag12,0.0003271464
sulphur_dioxide_mass_mixing_ratio,0.00032549488
dust_aerosol_09_20_mixing_ratio_roll3_min,0.00032455265
sea_salt_aerosol_003_05_mixing_ratio_pct_change6,0.00032416216
dust_aerosol_055_09_mixing_ratio_roll3_min,0.00032330424
oh_ewm6,0.00032165632
sulphate_aerosol_mixing_ratio_ewm12,0.00032075224
temperature_pct_change3,0.00031986245
dust_aerosol_003_055_mixing_ratio_pct_change6,0.00031874882
nitrogen_dioxide_mass_mixing_ratio_roll6_max,0.00031868517
metar_dew_point_c_roll6_kurt,0.0003185375
isoprene_roll3_max,0.00031738123
dust_aerosol_09_20_mixing_ratio_roll2_mean,0.0003164814
dust_aerosol_003_055_mixing_ratio_roll2_std,0.00031639726
formaldehyde_pct_change1,0.0003152555
dust_aerosol_09_20_mixing_ratio_ewm3,0.0003149172
ethane_roll3_max,0.0003136614
hydrophobic_organic_matter_aerosol_mixing_ratio_lag12,0.0003131208
metar_wind_speed_kn,0.00031154117
metar_wind_speed_kn_roll12_std,0.0003112284
metar_visibility_mi_pct_change3,0.00031018804
hno3_lag3,0.0003097955
nitrogen_dioxide_mass_mixing_ratio_roll6_std,0.00030959098
oh_roll6_max,0.00030958912
temperature metar_wind_speed_kn,0.0003090094
temp_humidity_interaction,0.00030888314
isoprene_diff1,0.00030861527
metar_dew_point_c_diff12,0.00030833177
oh_lag3,0.00030831763
sulphur_dioxide_mass_mixing_ratio_lag6,0.0003081285
ozone_mass_mixing_ratio_lag1,0.00030726352
metar_wind_speed_kn_roll2_mean,0.00030714957
hydrophilic_black_carbon_aerosol_mixing_ratio_roll6_std,0.00030647943
metar_temperature_c_diff6,0.0003062827
dust_aerosol_09_20_mixing_ratio_ewm6,0.00030621258
isoprene_ewm3,0.00030595105
hno3_roll2_std,0.000304088
metar_dew_point_c_pct_change1,0.00030378345
total_parking_minutes metar_relative_humidity,0.00030177593
sulphur_dioxide_mass_mixing_ratio_roll3_min,0.00030125488
metar_visibility_mi_roll3_std,0.00030121018
sea_salt_aerosol_05_5_mixing_ratio_roll6_std,0.0003008991
hno3_roll6_max,0.0003004402
hydrophobic_organic_matter_aerosol_mixing_ratio_diff6,0.00029869765
hydrophilic_black_carbon_aerosol_mixing_ratio_roll2_max,0.00029856557
hydrophobic_organic_matter_aerosol_mixing_ratio_diff1,0.00029844244
organic_nitrates_ewm12,0.0002983986
c3h8_roll3_max,0.0002977886
metar_hour_precipitation_roll3_min,0.00029764583
metar_wind_speed_kn_roll6_mean,0.0002967259
hydrophobic_organic_matter_aerosol_mixing_ratio_roll6_max,0.00029603674
sea_salt_aerosol_5_20_mixing_ratio_roll6_std,0.0002958246
sea_salt_aerosol_003_05_mixing_ratio_roll3_std,0.00029543941
ozone_mass_mixing_ratio_roll2_mean,0.0002949611
organic_nitrates_lag12,0.00029452035
hydrophobic_black_carbon_aerosol_mixing_ratio_roll6_std,0.0002944588
nitrogen_dioxide_mass_mixing_ratio_pct_change1,0.00029408664
sulphate_aerosol_mixing_ratio_roll3_std,0.00029339883
dust_aerosol_09_20_mixing_ratio_lag1,0.0002927638
organic_nitrates_ewm3,0.0002925037
metar_relative_humidity_roll12_mean,0.00029221724
hydrophilic_black_carbon_aerosol_mixing_ratio_roll3_min,0.0002916763
hno3_diff6,0.00029150143
total_parking_minutes_roll3_mean,0.00029138854
sea_salt_aerosol_003_05_mixing_ratio_roll24_mean,0.00029087783
hydrophilic_black_carbon_aerosol_mixing_ratio,0.00029052873
metar_temperature_c_lag3,0.00028955273
specific_humidity_lag2,0.0002889966
sea_salt_aerosol_05_5_mixing_ratio_pct_change3,0.00028896326
hno3_roll3_std,0.00028838625
sea_salt_aerosol_5_20_mixing_ratio,0.00028833476
oh,0.00028719212
hydrophilic_black_carbon_aerosol_mixing_ratio_roll6_mean,0.00028703146
carbon_monoxide_mass_mixing_ratio_ewm12,0.00028675265
carbon_monoxide_mass_mixing_ratio_roll2_max,0.00028674016
sulphate_aerosol_mixing_ratio_roll12_std,0.00028612718
metar_wind_speed_kn_roll12_skew,0.0002859038
nitrogen_monoxide_mass_mixing_ratio_ewm6,0.00028501533
c3h8_roll3_mean,0.00028381657
ethane_ewm12,0.0002837589
ethane_ewm3,0.00028247997
ethane_lag3,0.0002823251
hydrophilic_organic_matter_aerosol_mixing_ratio_roll3_std,0.0002819848
metar_temperature_c_roll12_kurt,0.00028071023
metar_relative_humidity_roll12_kurt,0.00028047053
metar_dew_point_c_lag1,0.00027986
hno3_lag12,0.00027972469
h2o2_diff1,0.00027919133
dust_aerosol_055_09_mixing_ratio_roll6_max,0.00027878888
metar_temperature_c_ewm12,0.00027864918
organic_nitrates_roll6_mean,0.00027847447
nitrogen_monoxide_mass_mixing_ratio_roll3_max,0.00027834706
metar_visibility_mi_ewm6,0.00027785773
ethane_lag6,0.0002778554
h2o2_ewm6,0.00027778535
carbon_monoxide_mass_mixing_ratio_roll6_std,0.0002771583
metar_wind_speed_kn_roll2_min,0.00027691346
total_parking_minutes specific_humidity,0.00027620266
total_parking_minutes_ewm12,0.00027613842
isoprene_roll6_mean,0.00027571153
h2o2_roll6_mean,0.0002754686
dust_aerosol_055_09_mixing_ratio_roll12_mean,0.00027517654
nitrogen_monoxide_mass_mixing_ratio_roll6_std,0.0002734761
nitrogen_monoxide_mass_mixing_ratio_roll6_mean,0.00027223863
total_parking_minutes_diff6,0.00027208854
hydrophilic_organic_matter_aerosol_mixing_ratio_diff3,0.00027190414
hydrophobic_black_carbon_aerosol_mixing_ratio,0.00027185446
metar_relative_humidity_lag2,0.00027163903
hydrophobic_organic_matter_aerosol_mixing_ratio_roll2_min,0.00026919445
formaldehyde_roll3_min,0.00026742663
hno3_roll2_min,0.00026692732
dust_aerosol_003_055_mixing_ratio_lag12,0.00026682945
organic_nitrates_lag6,0.0002663846
dust_aerosol_055_09_mixing_ratio_pct_change3,0.00026595537
temp_humidity_ratio,0.00026527798
metar_dew_point_c_roll6_mean,0.00026489637
sulphate_aerosol_mixing_ratio_roll6_std,0.00026468592
carbon_monoxide_mass_mixing_ratio_roll3_std,0.00026458118
dust_aerosol_055_09_mixing_ratio_roll24_mean,0.0002641633
carbon_monoxide_mass_mixing_ratio_roll2_std,0.0002640027
c3h8_roll2_mean,0.00026246157
metar_temperature_c_diff12,0.00026149285
oh_lag12,0.0002612199
carbon_monoxide_mass_mixing_ratio_diff6,0.00026108447
sea_salt_aerosol_003_05_mixing_ratio_roll3_max,0.0002607394
isoprene_roll3_std,0.00026028953
hno3_roll3_mean,0.0002601895
nitrogen_dioxide_mass_mixing_ratio_lag1,0.0002590863
isoprene_roll2_min,0.00025755135
dust_aerosol_09_20_mixing_ratio_roll2_std,0.00025639564
sulphate_aerosol_mixing_ratio_pct_change3,0.00025601592
metar_visibility_mi_roll2_std,0.00025596863
metar_relative_humidity_diff12,0.00025574947
carbon_monoxide_mass_mixing_ratio_roll3_min,0.00025504883
pollution_index,0.0002548878
metar_wind_speed_kn_roll6_kurt,0.00025482452
sulphate_aerosol_mixing_ratio_roll2_std,0.00025457656
hydrophilic_organic_matter_aerosol_mixing_ratio_ewm12,0.00025457362
metar_relative_humidity_roll6_min,0.0002538518
organic_nitrates_roll3_min,0.00025350897
metar_relative_humidity_diff1,0.00025305938
hydrophilic_black_carbon_aerosol_mixing_ratio_ewm3,0.00025287893
isoprene_roll6_max,0.0002525892
nitrogen_dioxide_mass_mixing_ratio_roll3_min,0.00025125488
sea_salt_aerosol_05_5_mixing_ratio_lag1,0.00024976005
h2o2_roll6_std,0.00024967827
formaldehyde_roll6_min,0.00024940626
isoprene_diff12,0.00024915615
hydrophilic_organic_matter_aerosol_mixing_ratio_roll2_std,0.000249067
temperature_diff12,0.00024864147
organic_nitrates_diff1,0.00024858763
total_parking_minutes,0.00024858658
hydrophobic_black_carbon_aerosol_mixing_ratio_diff12,0.00024821068
organic_nitrates_roll2_min,0.0002477802
metar_dew_point_c_roll6_std,0.00024756248
metar_hour_precipitation_diff6,0.00024751434
hydrophilic_black_carbon_aerosol_mixing_ratio_lag3,0.0002473763
sea_salt_aerosol_05_5_mixing_ratio_roll3_min,0.00024671914
c3h8_roll6_mean,0.0002465428
metar_dew_point_c_lag3,0.00024624928
hydrophilic_organic_matter_aerosol_mixing_ratio,0.00024563895
c3h8_diff1,0.00024413984
metar_relative_humidity_roll3_std,0.00024399503
h2o2_diff3,0.00024380241
dust_aerosol_003_055_mixing_ratio_roll6_max,0.00024360495
hydrophilic_organic_matter_aerosol_mixing_ratio_pct_change6,0.00024329976
dust_aerosol_09_20_mixing_ratio_lag6,0.00024314583
hydrophilic_organic_matter_aerosol_mixing_ratio_lag2,0.00024250618
hydrophobic_organic_matter_aerosol_mixing_ratio_roll3_std,0.00024203045
total_parking_minutes_roll2_min,0.00024175954
metar_temperature_c_roll2_std,0.00024096304
c3h8_lag3,0.00024089079
metar_wind_speed_kn_diff12,0.0002405525
total_parking_minutes_lag2,0.00024036555
total_parking_minutes_roll6_kurt,0.00023915402
ozone_mass_mixing_ratio_roll2_std,0.00023888728
metar_wind_speed_kn_roll2_max,0.00023848795
sea_salt_aerosol_05_5_mixing_ratio_diff3,0.00023817044
formaldehyde_diff6,0.00023714361
dust_aerosol_09_20_mixing_ratio_roll3_std,0.00023697008
hydrophobic_black_carbon_aerosol_mixing_ratio_roll6_max,0.00023685413
formaldehyde_roll6_max,0.00023677928
dust_aerosol_003_055_mixing_ratio_roll3_min,0.00023664918
sea_salt_aerosol_05_5_mixing_ratio_diff12,0.00023661424
ethane_diff6,0.00023635745
organic_nitrates_roll6_std,0.00023587221
sea_salt_aerosol_003_05_mixing_ratio_roll2_max,0.00023577317
carbon_monoxide_mass_mixing_ratio_lag3,0.00023570957
dust_aerosol_003_055_mixing_ratio_roll6_std,0.00023570878
ethane_pct_change3,0.00023507842
sulphur_dioxide_mass_mixing_ratio_diff12,0.00023467715
oh_diff12,0.00023423143
dust_aerosol_003_055_mixing_ratio_roll12_max,0.00023341873
isoprene_ewm12,0.0002332869
dust_aerosol_055_09_mixing_ratio_ewm12,0.00023269921
metar_relative_humidity_roll2_std,0.00023199378
metar_relative_humidity_roll6_skew,0.00023167433
metar_relative_humidity metar_wind_speed_kn,0.00023157177
dust_aerosol_003_055_mixing_ratio_roll2_min,0.00023130051
formaldehyde_roll2_std,0.00023041203
ethane_roll2_min,0.00022991626
specific_humidity_lag6,0.00022972416
dust_aerosol_055_09_mixing_ratio_roll6_std,0.00022947401
oh_roll2_max,0.00022936879
sea_salt_aerosol_003_05_mixing_ratio_roll3_min,0.00022860637
metar_relative_humidity_pct_change1,0.00022821361
hno3_roll2_mean,0.00022746126
metar_wind_speed_kn_roll3_max,0.00022721285
ozone_mass_mixing_ratio_roll6_std,0.00022549018
hno3_roll6_mean,0.00022475855
isoprene_lag6,0.00022467978
oh_roll6_min,0.00022464269
metar_temperature_c_roll6_skew,0.00022457342
specific_humidity^2,0.00022334477
metar_wind_speed_kn_roll6_std,0.00022326241
sulphur_dioxide_mass_mixing_ratio_lag3,0.0002228943
c3h8_roll2_std,0.00022221003
metar_dew_point_c_diff1,0.00022132616
total_parking_minutes_lag3,0.00022113086
hno3_pct_change3,0.00022107144
metar_wind_speed_kn_pct_change1,0.00022053227
c3h8_roll6_std,0.00022025037
hydrophobic_organic_matter_aerosol_mixing_ratio,0.00021948967
sea_salt_aerosol_5_20_mixing_ratio_pct_change6,0.0002192346
dust_aerosol_003_055_mixing_ratio_roll2_max,0.00021716622
total_parking_minutes_pct_change3,0.00021711114
hydrophilic_black_carbon_aerosol_mixing_ratio_roll3_mean,0.00021710183
oh_roll6_std,0.00021577506
dust_aerosol_055_09_mixing_ratio_roll3_std,0.00021555206
carbon_monoxide_mass_mixing_ratio_pct_change6,0.00021525324
sulphate_aerosol_mixing_ratio_lag12,0.00021521134
temperature_ewm3,0.0002138801
sea_salt_aerosol_5_20_mixing_ratio_roll2_std,0.00021385087
metar_visibility_mi_diff12,0.00021382685
nitrogen_monoxide_mass_mixing_ratio,0.00021339158
specific_humidity_roll6_min,0.00021304663
metar_temperature_c_lag6,0.00021297981
metar_relative_humidity_roll6_std,0.00021286937
sea_salt_aerosol_5_20_mixing_ratio_roll3_min,0.0002128417
nitrogen_monoxide_mass_mixing_ratio_diff12,0.00021157433
dust_total,0.00021100142
ozone_mass_mixing_ratio_roll2_min,0.00021062055
organic_nitrates_lag3,0.00020985134
metar_dew_point_c_roll6_skew,0.00020886907
isoprene_roll2_mean,0.0002078661
hydrophobic_organic_matter_aerosol_mixing_ratio_pct_change1,0.00020777764
metar_relative_humidity_lag6,0.00020715421
specific_humidity_diff1,0.00020694174
metar_visibility_mi_lag2,0.0002068242
metar_wind_speed_kn specific_humidity,0.00020665734
h2o2_pct_change6,0.00020645287
metar_temperature_c_pct_change3,0.00020628532
ethane,0.00020605745
ozone_mass_mixing_ratio_lag12,0.00020576264
sulphur_dioxide_mass_mixing_ratio_lag1,0.00020564382
metar_hour_precipitation_roll12_kurt,0.0002055834
h2o2_roll12_std,0.00020543564
metar_wind_speed_kn_ewm3,0.000205313
hydrophobic_black_carbon_aerosol_mixing_ratio_roll3_mean,0.00020483634
specific_humidity_lag3,0.00020466602
metar_visibility_mi_roll2_mean,0.00020410666
sea_salt_aerosol_5_20_mixing_ratio_lag2,0.00020409671
sulphate_aerosol_mixing_ratio_roll3_min,0.00020397059
metar_wind_speed_kn_roll3_std,0.00020382137
carbon_monoxide_mass_mixing_ratio_roll2_mean,0.00020361041
sulphate_aerosol_mixing_ratio_roll2_max,0.00020320491
hydrophilic_organic_matter_aerosol_mixing_ratio_roll3_mean,0.00020269773
h2o2_roll2_std,0.00020174423
c3h8_pct_change1,0.00020128764
specific_humidity_roll2_std,0.00020121835
c3h8_diff12,0.00020098728
metar_wind_speed_kn_roll12_kurt,0.00019992256
dust_aerosol_09_20_mixing_ratio_lag2,0.00019929993
nitrogen_dioxide_mass_mixing_ratio_lag2,0.0001992759
hydrophobic_organic_matter_aerosol_mixing_ratio_diff12,0.00019914402
ethane_roll3_std,0.00019889706
ozone_mass_mixing_ratio_lag2,0.00019878978
carbon_monoxide_mass_mixing_ratio_roll6_mean,0.00019862453
hydrophilic_black_carbon_aerosol_mixing_ratio_ewm6,0.00019852212
hydrophobic_black_carbon_aerosol_mixing_ratio_pct_change6,0.00019824576
ethane_roll6_std,0.00019815376
sea_salt_aerosol_5_20_mixing_ratio_lag1,0.00019734271
specific_humidity_roll6_std,0.00019658839
sulphur_dioxide_mass_mixing_ratio_roll3_std,0.00019625164
metar_wind_speed_kn_roll6_skew,0.0001961255
nitrogen_monoxide_mass_mixing_ratio_roll2_min,0.00019450583
dust_aerosol_055_09_mixing_ratio_ewm3,0.0001944917
metar_dew_point_c_pct_change3,0.00019443488
metar_relative_humidity_lag3,0.00019391516
metar_wind_speed_kn_roll3_min,0.00019371122
metar_relative_humidity_pct_change6,0.00019346339
hydrophobic_organic_matter_aerosol_mixing_ratio_roll6_min,0.00019330352
nitrogen_monoxide_mass_mixing_ratio_ewm3,0.00019317082
metar_wind_speed_kn_roll3_mean,0.00019303574
organic_nitrates_pct_change6,0.00019222492
metar_visibility_mi_roll6_skew,0.00019212686
h2o2_roll6_max,0.00019190877
sulphur_dioxide_mass_mixing_ratio_diff3,0.00019074671
hydrophobic_organic_matter_aerosol_mixing_ratio_roll2_max,0.00019065247
specific_humidity_diff12,0.00019016038
metar_dew_point_c_ewm12,0.00018942542
hydrophilic_organic_matter_aerosol_mixing_ratio_lag12,0.0001889315
dust_aerosol_055_09_mixing_ratio_roll2_mean,0.00018852712
hno3_roll6_std,0.00018843252
hydrophilic_organic_matter_aerosol_mixing_ratio_roll2_min,0.00018786872
sea_salt_aerosol_05_5_mixing_ratio_diff1,0.00018725792
metar_dew_point_c_ewm6,0.00018708297
sulphur_dioxide_mass_mixing_ratio_roll6_mean,0.00018675145
hydrophobic_black_carbon_aerosol_mixing_ratio_roll2_std,0.00018665721
metar_visibility_mi_roll6_mean,0.00018623554
metar_wind_speed_kn_roll2_std,0.00018621756
hydrophobic_black_carbon_aerosol_mixing_ratio_diff6,0.00018585329
ozone_mass_mixing_ratio_diff1,0.00018571233
ethane_pct_change1,0.00018555521
hno3_pct_change6,0.00018540707
dust_aerosol_003_055_mixing_ratio_ewm6,0.0001853528
metar_visibility_mi_diff1,0.00018528533
metar_relative_humidity_roll6_mean,0.00018450007
formaldehyde_pct_change3,0.00018390473
hydrophobic_organic_matter_aerosol_mixing_ratio_roll3_mean,0.00018354438
ozone_mass_mixing_ratio_pct_change3,0.00018273413
sulphur_dioxide_mass_mixing_ratio_roll2_min,0.00018259419
metar_dew_point_c_lag2,0.0001825896
h2o2_lag12,0.0001814354
metar_temperature_c_roll6_kurt,0.00018137188
sea_salt_aerosol_05_5_mixing_ratio_pct_change1,0.00018124301
ozone_mass_mixing_ratio_roll3_min,0.00018095042
metar_relative_humidity_roll2_max,0.00018086555
sea_salt_aerosol_5_20_mixing_ratio_lag12,0.00018062591
total_parking_minutes_ewm6,0.0001803603
dust_aerosol_055_09_mixing_ratio_diff1,0.00018030842
nitrogen_monoxide_mass_mixing_ratio_pct_change6,0.0001800159
dust_aerosol_055_09_mixing_ratio_roll3_mean,0.00017937548
ozone_mass_mixing_ratio_pct_change6,0.00017934512
sea_salt_aerosol_05_5_mixing_ratio_lag2,0.00017894115
hydrophilic_organic_matter_aerosol_mixing_ratio_diff12,0.0001789255
oh_roll6_mean,0.0001787631
carbon_monoxide_mass_mixing_ratio_lag6,0.000178566
organic_nitrates_roll6_min,0.00017800972
nitrogen_dioxide_mass_mixing_ratio_roll6_min,0.00017771033
sulphur_dioxide_mass_mixing_ratio_pct_change6,0.00017719225
nitrogen_monoxide_mass_mixing_ratio_pct_change1,0.00017690918
oh_roll2_min,0.00017686379
organic_nitrates_pct_change1,0.00017660444
metar_wind_speed_kn_lag2,0.00017601837
sulphate_aerosol_mixing_ratio,0.0001758862
sea_salt_aerosol_5_20_mixing_ratio_roll3_std,0.00017551002
hno3_roll3_max,0.00017549013
dust_aerosol_055_09_mixing_ratio_lag6,0.00017503549
h2o2_roll2_min,0.00017492948
organic_nitrates_diff12,0.00017469213
dust_aerosol_09_20_mixing_ratio_lag12,0.00017455044
organic_nitrates_lag2,0.00017437653
hno3_roll3_min,0.00017425456
c3h8_lag2,0.00017402423
carbon_monoxide_mass_mixing_ratio_diff12,0.00017394885
sea_salt_aerosol_003_05_mixing_ratio_roll2_mean,0.00017370636
temperature_roll3_std,0.00017367679
sulphur_dioxide_mass_mixing_ratio_pct_change1,0.00017316839
hydrophilic_black_carbon_aerosol_mixing_ratio_diff12,0.00017305021
hydrophobic_black_carbon_aerosol_mixing_ratio_roll3_max,0.0001729706
metar_relative_humidity,0.00017203708
ozone_mass_mixing_ratio_pct_change1,0.0001718382
formaldehyde,0.000171718
ethane_diff3,0.00017151961
hno3_diff3,0.00017106651
dust_aerosol_003_055_mixing_ratio_roll3_mean,0.0001710639
sea_salt_aerosol_003_05_mixing_ratio_ewm3,0.00017091545
h2o2_roll3_std,0.00017041292
oh_lag6,0.00017018891
hydrophilic_black_carbon_aerosol_mixing_ratio_diff6,0.00016982605
hno3_ewm3,0.00016974598
metar_visibility_mi_roll2_max,0.00016925376
sulphur_dioxide_mass_mixing_ratio_diff1,0.0001678804
formaldehyde_lag1,0.00016738415
hydrophobic_organic_matter_aerosol_mixing_ratio_lag6,0.00016695197
h2o2_roll2_max,0.00016664417
metar_temperature_c_roll3_mean,0.00016576321
metar_dew_point_c_roll3_min,0.0001655344
hydrophobic_organic_matter_aerosol_mixing_ratio_roll3_max,0.00016525229
metar_dew_point_c,0.0001650585
sulphate_aerosol_mixing_ratio_diff6,0.00016466856
h2o2_pct_change1,0.00016422234
metar_relative_humidity_roll6_kurt,0.00016330119
hydrophilic_organic_matter_aerosol_mixing_ratio_roll6_std,0.00016247216
formaldehyde_roll3_mean,0.00016051304
total_parking_minutes^2,0.00016029469
c3h8_ewm3,0.00016017872
isoprene_lag3,0.00015996484
metar_wind_speed_kn^2,0.00015980196
dust_aerosol_003_055_mixing_ratio_ewm3,0.00015919493
formaldehyde_diff12,0.00015883241
temperature_roll2_max,0.00015864037
metar_temperature_c_roll3_std,0.00015757704
sea_salt_aerosol_003_05_mixing_ratio_roll6_mean,0.00015757178
hydrophilic_black_carbon_aerosol_mixing_ratio_pct_change6,0.00015708023
metar_relative_humidity_roll3_max,0.00015696346
hno3_pct_change1,0.00015686947
metar_temperature_c_roll3_max,0.0001568491
sea_salt_aerosol_5_20_mixing_ratio_pct_change1,0.00015649179
total_parking_minutes_lag6,0.00015625484
dust_aerosol_055_09_mixing_ratio_lag3,0.00015523942
nitrogen_monoxide_mass_mixing_ratio_pct_change3,0.0001551791
sea_salt_aerosol_05_5_mixing_ratio_roll6_mean,0.00015496652
c3h8_diff3,0.00015410995
ethane_roll6_max,0.0001539858
sulphur_dioxide_mass_mixing_ratio_ewm3,0.00015384694
sea_salt_aerosol_003_05_mixing_ratio_diff1,0.00015370204
c3h8_roll2_min,0.00015335872
dust_aerosol_055_09_mixing_ratio_diff12,0.00015249224
hno3_diff1,0.00015209167
hydrophobic_organic_matter_aerosol_mixing_ratio_ewm3,0.00015105579
metar_wind_speed_kn_pct_change6,0.00014987407
nitrogen_dioxide_mass_mixing_ratio_diff1,0.00014945655
ethane_roll2_std,0.00014917248
dust_aerosol_09_20_mixing_ratio_diff1,0.00014739708
oh_roll3_mean,0.00014672278
ethane_diff12,0.00014669179
carbon_monoxide_mass_mixing_ratio_lag2,0.00014612038
dust_aerosol_09_20_mixing_ratio_roll6_mean,0.00014568449
sea_salt_aerosol_5_20_mixing_ratio_roll2_max,0.00014568242
hydrophobic_organic_matter_aerosol_mixing_ratio_lag1,0.00014564827
dust_aerosol_055_09_mixing_ratio_lag2,0.00014531128
h2o2_pct_change3,0.00014528782
ethane_roll3_min,0.00014491924
metar_relative_humidity_roll3_mean,0.0001449029
nitrogen_dioxide_mass_mixing_ratio,0.00014484664
isoprene,0.00014451357
oh_lag1,0.00014450742
temperature_roll6_mean,0.00014447478
metar_temperature_c_pct_change6,0.00014441495
h2o2_lag2,0.00014440535
sea_salt_aerosol_05_5_mixing_ratio_roll3_max,0.00014436015
temperature_lag3,0.00014433441
sea_salt_aerosol_003_05_mixing_ratio_diff3,0.00014339101
metar_relative_humidity_diff6,0.00014333567
organic_nitrates,0.00014323136
metar_relative_humidity_roll3_min,0.00014271768
dust_aerosol_09_20_mixing_ratio_diff6,0.00014261222
h2o2_lag3,0.0001416437
nitrogen_monoxide_mass_mixing_ratio_diff6,0.00014144818
sea_salt_aerosol_003_05_mixing_ratio_diff6,0.00014127059
hydrophilic_organic_matter_aerosol_mixing_ratio_roll12_std,0.00014094493
hydrophobic_black_carbon_aerosol_mixing_ratio_lag3,0.00014083614
sea_salt_aerosol_003_05_mixing_ratio_diff12,0.00014083221
metar_temperature_c_ewm6,0.00014025942
hydrophobic_organic_matter_aerosol_mixing_ratio_diff3,0.00014014033
hydrophilic_organic_matter_aerosol_mixing_ratio_roll3_min,0.00014013922
formaldehyde_ewm3,0.00014002659
specific_humidity_pct_change1,0.00013981505
oh_pct_change6,0.00013979539
nitrogen_dioxide_mass_mixing_ratio_pct_change6,0.00013959897
temperature_pct_change6,0.00013956423
c3h8_roll2_max,0.00013937692
hydrophilic_black_carbon_aerosol_mixing_ratio_diff1,0.00013930858
dust_aerosol_003_055_mixing_ratio_ewm12,0.0001392471
metar_relative_humidity specific_humidity,0.00013923607
aerosol_total,0.00013900686
metar_wind_speed_kn_lag1,0.00013881146
metar_dew_point_c_roll3_max,0.00013846232
organic_nitrates_roll2_std,0.0001383929
metar_dew_point_c_roll2_std,0.00013830619
sea_salt_aerosol_05_5_mixing_ratio_ewm6,0.00013776174
dust_aerosol_055_09_mixing_ratio_roll3_max,0.00013707405
sea_salt_aerosol_05_5_mixing_ratio_roll2_min,0.00013637457
dust_aerosol_055_09_mixing_ratio_pct_change1,0.0001362995
dust_aerosol_055_09_mixing_ratio_lag1,0.00013628809
nitrogen_dioxide_mass_mixing_ratio_roll2_mean,0.00013420384
metar_dew_point_c_ewm3,0.00013383139
sulphur_dioxide_mass_mixing_ratio_pct_change3,0.000133069
nitrogen_monoxide_mass_mixing_ratio_lag1,0.00013281818
carbon_monoxide_mass_mixing_ratio_diff1,0.00013187047
metar_visibility_mi_roll2_min,0.00013175643
hydrophilic_black_carbon_aerosol_mixing_ratio_lag1,0.00013139445
hydrophilic_black_carbon_aerosol_mixing_ratio_lag12,0.0001311796
carbon_monoxide_mass_mixing_ratio_diff3,0.00013111788
oh_roll3_std,0.00013098955
total_parking_minutes_roll2_max,0.00013077765
isoprene_pct_change6,0.0001304905
specific_humidity,0.00012972175
hydrophilic_organic_matter_aerosol_mixing_ratio_pct_change3,0.00012877726
dust_aerosol_09_20_mixing_ratio_pct_change6,0.00012863147
h2o2_lag1,0.00012788245
sea_salt_aerosol_003_05_mixing_ratio_roll6_std,0.00012786126
total_parking_minutes_pct_change6,0.00012726491
oh_roll2_mean,0.00012671933
hno3_lag2,0.0001259438
formaldehyde_lag6,0.00012471186
nitrogen_dioxide_mass_mixing_ratio_roll2_max,0.00012445137
oh_diff3,0.0001238094
hydrophobic_black_carbon_aerosol_mixing_ratio_diff3,0.00012380703
c3h8_pct_change6,0.00012329509
metar_visibility_mi_roll6_kurt,0.00012303278
metar_visibility_mi_pct_change1,0.0001227085
sea_salt_aerosol_05_5_mixing_ratio_roll3_std,0.000121591795
metar_dew_point_c_lag12,0.000121362384
sea_salt_aerosol_5_20_mixing_ratio_diff6,0.00012103651
isoprene_diff3,0.000120648714
c3h8_lag12,0.00012050875
oh_pct_change3,0.00011902041
metar_temperature_c_pct_change1,0.00011850057
nitrogen_dioxide_mass_mixing_ratio_diff6,0.00011833198
c3h8,0.000117949334
sea_salt_aerosol_05_5_mixing_ratio_roll2_std,0.0001179229
metar_visibility_mi_roll3_min,0.00011697436
nitrogen_dioxide_mass_mixing_ratio_lag12,0.00011658062
dust_aerosol_055_09_mixing_ratio_diff6,0.000116151066
humidity_seasalt_interaction,0.00011598273
nitrogen_dioxide_mass_mixing_ratio_ewm6,0.000115748306
sea_salt_aerosol_05_5_mixing_ratio_lag3,0.00011561718
metar_visibility_mi_diff3,0.00011558499
organic_nitrates_lag1,0.000115364266
metar_relative_humidity_roll2_min,0.0001152534
sea_salt_aerosol_003_05_mixing_ratio_pct_change1,0.0001144476
c3h8_roll3_std,0.00011392947
metar_dew_point_c_lag6,0.00011374545
isoprene_lag1,0.000113168055
specific_humidity_roll3_max,0.00011156173
nitrogen_monoxide_mass_mixing_ratio_lag12,0.00011126759
metar_visibility_mi_diff6,0.0001108238
dust_aerosol_09_20_mixing_ratio_diff3,0.000110801935
ozone_mass_mixing_ratio_diff3,0.00010949907
nitrogen_monoxide_mass_mixing_ratio_diff1,0.00010819473
temperature,0.0001080668
metar_dew_point_c_diff6,0.00010776431
organic_nitrates_pct_change3,0.00010719181
sea_salt_aerosol_003_05_mixing_ratio_lag12,0.00010711588
hydrophilic_black_carbon_aerosol_mixing_ratio_diff3,0.00010710425
formaldehyde_lag2,0.000107020714
hno3_lag1,0.00010675884
sulphur_dioxide_mass_mixing_ratio_roll2_std,0.00010665631
hydrophilic_organic_matter_aerosol_mixing_ratio_roll3_max,0.00010618422
sulphate_aerosol_mixing_ratio_lag3,0.00010578746
formaldehyde_roll3_std,0.00010417141
sea_salt_aerosol_5_20_mixing_ratio_roll3_max,0.00010410211
temperature_roll2_mean,0.00010343294
c3h8_ewm6,0.00010333207
nitrogen_dioxide_mass_mixing_ratio_lag3,0.0001031638
h2o2_diff6,0.00010215881
c3h8_diff6,0.00010143082
dust_aerosol_055_09_mixing_ratio_roll2_std,0.00010108347
isoprene_roll3_min,0.000100864956
metar_temperature_c_roll2_mean,0.000100412006
metar_hour_precipitation_roll2_min,9.979957e-05
sulphate_aerosol_mixing_ratio_diff12,9.937282e-05
nitrogen_monoxide_mass_mixing_ratio_diff3,9.870031e-05
oh_pct_change1,9.852773e-05
sea_salt_aerosol_5_20_mixing_ratio_roll2_mean,9.842948e-05
hydrophilic_organic_matter_aerosol_mixing_ratio_pct_change1,9.8427554e-05
c3h8_ewm12,9.838343e-05
carbon_monoxide_mass_mixing_ratio_roll3_mean,9.820446e-05
dust_aerosol_003_055_mixing_ratio_pct_change3,9.8180964e-05
hydrophobic_organic_matter_aerosol_mixing_ratio_lag2,9.80797e-05
metar_wind_speed_kn_lag12,9.789896e-05
carbon_monoxide_mass_mixing_ratio_roll2_min,9.7809934e-05
oh_roll2_std,9.688804e-05
dust_aerosol_003_055_mixing_ratio_roll6_mean,9.659498e-05
hydrophobic_organic_matter_aerosol_mixing_ratio_ewm6,9.614091e-05
hydrophilic_organic_matter_aerosol_mixing_ratio_ewm6,9.524198e-05
metar_visibility_mi_lag3,9.523032e-05
nitrogen_dioxide_mass_mixing_ratio_diff3,9.2929884e-05
temperature_lag12,9.281172e-05
specific_humidity_ewm3,9.1409565e-05
hydrophilic_black_carbon_aerosol_mixing_ratio_roll3_std,9.1383066e-05
specific_humidity_diff6,9.054296e-05
dust_aerosol_003_055_mixing_ratio_roll3_max,9.049336e-05
dust_aerosol_003_055_mixing_ratio_roll3_std,9.014255e-05
oh_diff1,8.940408e-05
hydrophobic_black_carbon_aerosol_mixing_ratio_pct_change1,8.875226e-05
hydrophobic_black_carbon_aerosol_mixing_ratio_pct_change3,8.8460605e-05
hydrophilic_organic_matter_aerosol_mixing_ratio_lag6,8.827402e-05
sea_salt_aerosol_003_05_mixing_ratio_roll2_min,8.748527e-05
dust_aerosol_003_055_mixing_ratio_roll6_min,8.6218955e-05
h2o2_roll3_max,8.603238e-05
formaldehyde_roll6_mean,8.5325264e-05
nitrogen_dioxide_mass_mixing_ratio_pct_change3,8.512669e-05
specific_humidity_roll6_mean,8.5022824e-05
hydrophobic_black_carbon_aerosol_mixing_ratio_roll2_min,8.2326645e-05
dust_aerosol_055_09_mixing_ratio_diff3,8.126851e-05
sea_salt_aerosol_5_20_mixing_ratio_lag6,8.105416e-05
isoprene_roll2_std,8.1016224e-05
total_parking_minutes_roll2_std,8.0579484e-05
hydrophilic_organic_matter_aerosol_mixing_ratio_diff6,7.98146e-05
temperature_roll3_max,7.976273e-05
temperature_roll3_min,7.869625e-05
metar_visibility_mi_roll3_max,7.7329954e-05
specific_humidity_roll2_min,7.661847e-05
temperature_pct_change1,7.545978e-05
hydrophilic_organic_matter_aerosol_mixing_ratio_diff1,7.3795236e-05
sulphur_dioxide_mass_mixing_ratio_lag12,7.321701e-05
sea_salt_aerosol_003_05_mixing_ratio_ewm6,7.283636e-05
metar_dew_point_c_roll2_min,7.2646195e-05
metar_dew_point_c_diff3,7.174319e-05
metar_hour_precipitation,7.0926704e-05
nitrogen_dioxide_mass_mixing_ratio_roll3_std,6.975697e-05
nitrogen_monoxide_mass_mixing_ratio_lag6,6.9311965e-05
sea_salt_aerosol_05_5_mixing_ratio_lag6,6.87923e-05
nitrogen_monoxide_mass_mixing_ratio_roll2_max,6.8610076e-05
hydrophobic_organic_matter_aerosol_mixing_ratio_roll2_mean,6.762011e-05
hydrophobic_black_carbon_aerosol_mixing_ratio_roll2_max,6.659664e-05
sea_salt_aerosol_003_05_mixing_ratio_pct_change3,6.416673e-05
metar_wind_speed_kn_pct_change3,5.959357e-05
carbon_monoxide_mass_mixing_ratio_lag12,5.918242e-05
h2o2,5.5868783e-05
ethane_roll2_max,5.4689488e-05
metar_wind_speed_kn_lag6,5.3616935e-05
metar_relative_humidity_diff3,5.2841067e-05
dust_aerosol_09_20_mixing_ratio_pct_change3,5.221876e-05
dust_aerosol_09_20_mixing_ratio_pct_change1,5.0401708e-05
metar_hour_precipitation_diff12,4.728762e-05
organic_nitrates_roll3_std,4.5569406e-05
h2o2_roll3_mean,4.5152035e-05
nitrogen_monoxide_mass_mixing_ratio_lag3,4.115432e-05
nitrogen_dioxide_mass_mixing_ratio_diff12,4.0849387e-05
oh_roll3_max,3.93012e-05
hydrophilic_black_carbon_aerosol_mixing_ratio_pct_change1,3.9199032e-05
metar_wind_speed_kn_lag3,3.579282e-05
dust_aerosol_003_055_mixing_ratio_diff3,3.556477e-05
sea_salt_aerosol_05_5_mixing_ratio_lag12,3.305979e-05
oh_roll3_min,3.1751482e-05
metar_visibility_mi_ewm3,3.056502e-05
sulphate_aerosol_mixing_ratio_ewm6,2.6539872e-05
metar_wind_speed_kn_diff6,2.6011241e-05
sea_salt_aerosol_5_20_mixing_ratio_lag3,1.9305742e-05
dust_aerosol_09_20_mixing_ratio_lag3,1.8073162e-05
dust_aerosol_09_20_mixing_ratio_roll3_mean,1.6855636e-05
metar_relative_humidity^2,1.4658055e-05
ethane_pct_change6,1.4457428e-05
formaldehyde_lag3,1.4116139e-05
formaldehyde_roll2_min,1.2618158e-05
isoprene_lag12,1.0716259e-05
sea_salt_aerosol_5_20_mixing_ratio_pct_change3,1.0094099e-05
metar_hour_precipitation_roll12_skew,0.0
sea_salt_aerosol_5_20_mixing_ratio_roll12_skew,0.0
metar_hour_precipitation_pct_change6,0.0
carbon_monoxide_mass_mixing_ratio,0.0
dust_aerosol_09_20_mixing_ratio,0.0
sea_salt_aerosol_05_5_mixing_ratio_roll12_skew,0.0
hydrophobic_organic_matter_aerosol_mixing_ratio_pct_change3,0.0
c3h8_pct_change3,0.0
dust_aerosol_003_055_mixing_ratio_pct_change1,0.0
metar_relative_humidity_pct_change3,0.0
sulphate_aerosol_mixing_ratio_pct_change1,0.0
dust_aerosol_055_09_mixing_ratio_pct_change6,0.0
hydrophobic_organic_matter_aerosol_mixing_ratio_pct_change6,0.0
sea_salt_aerosol_003_05_mixing_ratio_roll12_skew,0.0
sulphate_aerosol_mixing_ratio_pct_change6,0.0
formaldehyde_pct_change6,0.0
metar_temperature_c_ewm3,0.0
specific_humidity_pct_change6,0.0
specific_humidity_pct_change3,0.0
metar_dew_point_c_pct_change6,0.0
metar_hour_precipitation_pct_change3,0.0
dust_aerosol_055_09_mixing_ratio,0.0
dust_aerosol_003_055_mixing_ratio_diff6,0.0
temperature_diff6,0.0
sulphur_dioxide_mass_mixing_ratio_diff6,0.0
organic_nitrates_diff6,0.0
sulphate_aerosol_mixing_ratio_ewm3,0.0
hydrophobic_black_carbon_aerosol_mixing_ratio_ewm3,0.0
hydrophilic_organic_matter_aerosol_mixing_ratio_ewm3,0.0
sea_salt_aerosol_5_20_mixing_ratio_ewm3,0.0
metar_hour_precipitation_pct_change1,0.0
carbon_monoxide_mass_mixing_ratio_pct_change1,0.0
isoprene_pct_change1,0.0
oh_ewm3,0.0
metar_wind_speed_kn_diff3,0.0
metar_hour_precipitation_diff3,0.0
sea_salt_aerosol_5_20_mixing_ratio_diff3,0.0
specific_humidity_diff3,0.0
metar_temperature_c_diff1,0.0
ethane_diff1,0.0
sulphate_aerosol_mixing_ratio_diff1,0.0
dust_aerosol_003_055_mixing_ratio_diff1,0.0
formaldehyde_lag12,0.0
metar_temperature_c_lag12,0.0
metar_hour_precipitation_lag12,0.0
metar_hour_precipitation_diff1,0.0
dust_aerosol_055_09_mixing_ratio_lag12,0.0
metar_wind_speed_kn_ewm6,0.0
metar_hour_precipitation_ewm6,0.0
hydrophilic_black_carbon_aerosol_mixing_ratio_lag6,0.0
hydrophobic_black_carbon_aerosol_mixing_ratio_diff1,0.0
isoprene_diff6,0.0
organic_nitrates_diff3,0.0
ozone_mass_mixing_ratio_diff6,0.0
hno3_lag6,0.0
c3h8_lag6,0.0
sulphate_aerosol_mixing_ratio_lag6,0.0
sea_salt_aerosol_003_05_mixing_ratio_lag6,0.0
dust_aerosol_003_055_mixing_ratio_lag6,0.0
hydrophobic_organic_matter_aerosol_mixing_ratio_lag3,0.0
ozone_mass_mixing_ratio_lag3,0.0
nitrogen_dioxide_mass_mixing_ratio_lag6,0.0
formaldehyde_ewm6,0.0
specific_humidity_ewm6,0.0
sulphur_dioxide_mass_mixing_ratio_lag2,0.0
temperature_ewm6,0.0
temperature_lag2,0.0
metar_hour_precipitation_lag3,0.0
sea_salt_aerosol_003_05_mixing_ratio_lag3,0.0
metar_hour_precipitation_lag6,0.0
dust_aerosol_003_055_mixing_ratio_lag3,0.0
hydrophilic_organic_matter_aerosol_mixing_ratio_lag3,0.0
sulphate_aerosol_mixing_ratio_lag2,0.0
nitrogen_monoxide_mass_mixing_ratio_lag2,0.0
oh_lag2,0.0
temperature_lag1,0.0
metar_temperature_c_lag2,0.0
metar_hour_precipitation_lag2,0.0
sea_salt_aerosol_003_05_mixing_ratio_lag2,0.0
hydrophobic_black_carbon_aerosol_mixing_ratio_lag1,0.0
sulphate_aerosol_mixing_ratio_lag1,0.0
c3h8_lag1,0.0
hydrophobic_black_carbon_aerosol_mixing_ratio_lag6,0.0
sea_salt_aerosol_05_5_mixing_ratio_diff6,0.0
sulphate_aerosol_mixing_ratio_diff3,0.0
formaldehyde_diff3,0.0
metar_hour_precipitation_lag1,0.0
metar_relative_humidity_lag1,0.0
metar_temperature_c_lag1,0.0
specific_humidity_lag1,0.0
metar_hour_precipitation_roll6_std,0.0
hydrophobic_organic_matter_aerosol_mixing_ratio_roll6_mean,0.0
metar_hour_precipitation_roll6_max,0.0
sea_salt_aerosol_003_05_mixing_ratio_lag1,0.0
nitrogen_dioxide_mass_mixing_ratio_roll6_mean,0.0
metar_hour_precipitation_roll6_mean,0.0
specific_humidity_ewm12,0.0
carbon_monoxide_mass_mixing_ratio_roll3_max,0.0
temperature_ewm12,0.0
metar_hour_precipitation_roll3_std,0.0
sulphate_aerosol_mixing_ratio_roll6_mean,0.0
hydrophilic_organic_matter_aerosol_mixing_ratio_lag1,0.0
isoprene_roll3_mean,0.0
nitrogen_monoxide_mass_mixing_ratio_roll3_mean,0.0
organic_nitrates_roll3_mean,0.0
nitrogen_dioxide_mass_mixing_ratio_roll3_mean,0.0
metar_dew_point_c_roll3_mean,0.0
metar_visibility_mi_roll3_mean,0.0
metar_hour_precipitation_roll3_mean,0.0
sea_salt_total,0.0
temperature^2,0.0
temperature metar_relative_humidity,0.0
temperature specific_humidity,0.0
formaldehyde_roll2_max,0.0
sulphur_dioxide_mass_mixing_ratio_roll2_max,0.0
metar_temperature_c_roll2_max,0.0
sulphate_aerosol_mixing_ratio_roll3_mean,0.0
metar_hour_precipitation_roll6_min,0.0
metar_hour_precipitation_roll2_max,0.0
metar_dew_point_c_roll2_max,0.0
dust_aerosol_055_09_mixing_ratio_roll2_max,0.0
sea_salt_aerosol_05_5_mixing_ratio_roll2_max,0.0
dust_aerosol_09_20_mixing_ratio_roll2_min,0.0
nitrogen_monoxide_mass_mixing_ratio_roll2_std,0.0
metar_hour_precipitation_roll2_std,0.0
dust_aerosol_055_09_mixing_ratio_roll2_min,0.0
sea_salt_aerosol_003_05_mixing_ratio_roll2_std,0.0
hydrophilic_black_carbon_aerosol_mixing_ratio_roll2_std,0.0
seasalt_dust_ratio,0.0
h2o2_roll2_mean,0.0
formaldehyde_roll2_mean,0.0
organic_nitrates_roll2_mean,0.0
specific_humidity_roll2_mean,0.0
metar_hour_precipitation_roll2_mean,0.0
sea_salt_aerosol_05_5_mixing_ratio_roll2_mean,0.0
dust_aerosol_003_055_mixing_ratio_roll2_mean,0.0
hydrophilic_organic_matter_aerosol_mixing_ratio_roll2_mean,0.0
hydrophilic_black_carbon_aerosol_mixing_ratio_roll2_mean,0.0
hydrophobic_black_carbon_aerosol_mixing_ratio_roll2_mean,0.0
metar_dew_point_c_roll2_mean,0.0
sea_salt_aerosol_003_05_mixing_ratio_roll6_skew,0.0
sea_salt_aerosol_05_5_mixing_ratio_roll6_skew,0.0
sea_salt_aerosol_5_20_mixing_ratio_roll6_skew,0.0
metar_hour_precipitation_roll6_kurt,0.0
sea_salt_aerosol_05_5_mixing_ratio_roll6_kurt,0.0
sea_salt_aerosol_5_20_mixing_ratio_roll6_kurt,0.0
sea_salt_aerosol_003_05_mixing_ratio,0.0
metar_temperature_c,0.0
sea_salt_aerosol_05_5_mixing_ratio_roll12_kurt,0.0
sea_salt_aerosol_5_20_mixing_ratio_roll12_kurt,0.0
